{"channel": "ticker", "market": "DOGE-PERP", "type": "update", "data": {"bid": 0.278362, "ask": 0.2784135, "bidSize": 107.0, "askSize": 5600.0, "last": 0.2783695, "time": 1624183024.08771}} 189
