{"ch":"market.btcusdt.depth.step1","ts":1618475611868,"tick":{"bids":[[62753.2,2.140127],[62753.1,1.005768],[62751.4,0.01],[62750.2,1.588851],[62750.1,0.132173],[62747.1,1.04731],[62747.0,1.357035],[62746.0,0.001031],[62744.8,0.44207],[62744.6,0.064435],[62743.0,0.051222],[62741.8,8.0E-4],[62739.5,0.450211],[62739.0,0.026874],[62737.6,0.2],[62737.0,0.001401],[62736.9,0.1],[62736.7,0.047803],[62735.4,1.6E-4],[62733.6,0.135775]],"asks":[[62753.3,0.038953],[62754.3,0.03],[62758.0,0.09781],[62758.8,0.045154],[62759.5,0.01],[62760.8,0.134133],[62761.8,0.03],[62761.9,0.132173],[62763.4,8.95E-4],[62763.8,0.123199],[62764.2,0.06],[62765.0,0.010786],[62765.8,0.002],[62766.0,0.162855],[62767.2,0.001596],[62767.6,1.145],[62768.9,2.733775],[62769.1,0.159325],[62770.7,0.017235],[62771.5,0.04]],"version":125019588599,"ts":1618475611865}}
